{"cameraMode":{"drawMode":0,"name":"Shaded","section":"Shading Mode"},"sceneLighting":false,"audioPlay":false,"sceneViewState":{"showFog":true,"showMaterialUpdate":false,"showSkybox":true,"showFlares":true,"showImageEffects":true,"showParticleSystems":true},"in2DMode":false,"pivot":{"x":-5526.439453125,"y":-1607.8590087890625,"z":2281.758544921875},"rotation":{"x":0.11622551828622818,"y":-0.5381817817687988,"z":0.07523690909147263,"w":0.831379234790802},"size":7113.18896484375,"orthographic":false}